{
  "assetsByChunkName": {
    "vendors~app-account~app-confirmation~app-order": "chunk.2699a31fdc1eb050c82c.js",
    "vendors~app-account~app-checkout": "chunk.3ac49ac3790c7d5fe54a.js",
    "vendors~app-cart~app-checkout": "chunk.0f75391377c34d51cc39.js",
    "admin": [
      "admin.ff0e8b9826272ea8d4da.js",
      "admin.ff0e8b9826272ea8d4da.js.map"
    ],
    "app-account": "chunk.a8b2097433c9a26ea75e.js",
    "app-confirmation": "chunk.534c254498cddd6fcc7b.js",
    "app-order": "chunk.335ea19da5ffff4c62f0.js",
    "checkout": [
      "checkout.e423787e02b95ddaa496.js",
      "checkout.e423787e02b95ddaa496.js.map"
    ],
    "storefront": [
      "storefront.efab2af9014045020412.css",
      "storefront.fafc9b7457d3023b476e.js",
      "storefront.efab2af9014045020412.css.map",
      "storefront.fafc9b7457d3023b476e.js.map"
    ],
    "vendors~app-cart": "chunk.8874d3a3798fc6baf324.js",
    "vendors~app-checkout": "chunk.c42adf462f6ec25b3fff.js"
  }
}